"lat","lon","objectid","base","perimeter","area"
31.2309993833,-85.6506347178,65,"Allen Stagefield AL",1.64138338,0.17657484
31.8157331822,-85.6497984957,73,"Louisville Stagefield AL",1.7233805,0.16235675
33.1594636742,-106.425696182,261,"White Sands Missile Range NM",332.13318926,3548.57016437
21.3866284869,-157.905641308,1237,"MCB Camp Smith",2.9318851,0.33124636
21.3621462703,-157.718266082,1238,"MC Trng Area Bellows",9.14424433,1.61154585
42.0917332083,-87.836545042,1375,"Glenview",2.07135695,0.05065759
27.8965304593,-98.0434307225,1555,"ALF Orange",24.10230352,5.29396923
42.7402329675,-115.563336812,1722,"Saylor Creek Air Force Range",57.14622739,171.09737601
29.3567318395,-100.782932919,2449,"Laughlin AFB",12.78352045,6.39610569
39.7066728959,-104.757676168,2517,"Buckley AFB",13.01986607,5.17886
30.0454712012,-85.5513688862,2531,"Tyndall AFB",118.35630097,45.24040184
32.9398358551,-88.5791426256,2574,"Columbus Auxiliary Airfield",6.76446487,1.41000299
31.4321781557,-100.404389232,2577,"Goodfellow AFB",5.71761646,1.68714349
61.2656445617,-149.641025468,2636,"Fort Richardson",78.52652418,93.34278088
64.3175377667,-146.646980929,2669,"Birch Lake Recreation Annex",2.03649307,0.07970144
38.1779889015,-85.7237952525,2829,"Louisville IAP-Standiford FL Site 1",1.52012828,0.11845742
29.3820160313,-98.5645372905,2952,"Kelly AFB",13.83437218,2.93206231
34.9000362492,-92.3068019391,3056,"NG Camp Joseph T Robinson",37.22093134,51.75645043
41.0800682176,-96.3363620056,3547,"NG Camp Ashland",7.23770611,1.63072717
39.4547971565,-79.6692506335,4970,"NG Volkstone",5.72896578,0.78777573
32.7000190451,-117.207088939,5594,"NAVBASE Coronado",8.97992621,4.33722524
47.9486816236,-97.0860532381,5803,"Grand Forks Defense Fuel Support Point",0.51556692,0.01757549
32.26208341,-106.075404444,5952,"Fort Bliss",347.08012434,1742.55128279
48.1997770937,-121.925681299,6167,"Jim Creek",15.1572205,7.53465988
38.3171489216,-104.33242089,106,"Pueblo Chemical Depot",25.51299597,35.66381945
33.1053210003,-114.213605815,262,"Yuma Proving Ground",267.52640853,1307.98611024
35.3743268559,-116.633388332,634,"NTC and Fort Irwin",168.38341803,1180.20496212
38.5411518559,-118.654781649,658,"Hawthorne Army Depot",152.4509978,228.24335083
39.0968504854,-94.2501544756,667,"Lake City AAP",11.02776385,6.76156222
35.0110394592,-76.4580795598,1108,"Point of Marsh Target",50.4921902,18.61748255
34.8595418908,-116.94453311,1138,"MCLB Barstow",13.30399099,5.91717573
36.8137764139,-76.0309744664,1299,"NAS Oceana VA",14.05080616,8.29236824
41.1180005456,-95.9064350192,1763,"Offut AFB",11.89015959,3.27800877
48.7245309314,-97.9030701569,1792,"Cavalier Asn",2.79210683,0.41544057
42.937170491,-71.6412530372,2521,"New Boston Air Station",9.25955043,4.51049368
45.5783794843,-122.595521925,2858,"Portland IAP ANG",2.77056327,0.3463822
38.5414818076,-89.8537036559,2927,"Scott AFB",13.67213131,4.53168279
35.6982004144,-95.1672665598,3323,"NG Camp Gruber",38.68109414,52.31582472
41.1935295586,-96.4384536797,3546,"NG Mead TS/FMS 06/Utes 02",6.08187224,1.86137173
40.5459251377,-98.2756208599,3548,"NG Greenlief TS/UTES 01",10.01845917,5.14415871
32.5228718308,-111.333461822,3767,"NG Silver Bell Army Heliport",2.14916014,0.25022128
30.3233531244,-89.8085256308,3808,"NG Camp Villere",6.40481827,2.3082715
40.9793982663,-80.3247870434,4768,"NG New Castle Readiness Center/FMS 9",0.37172742,0.0092156
32.8550925586,-97.3503623315,4906,"NG Saginaw",2.89218953,0.2304504
47.552709639,-122.681322245,4947,"NG Bremerton",1.4761594,0.12644353
39.2058446774,-118.232177679,5488,"Target B-17",38.12624532,85.3415596
32.7116634719,-116.518554891,5598,"Camp Morena",1.32714872,0.09427915
38.9886655979,-76.4943484486,5702,"Upper Yard Annapolis",2.80787407,0.25335599
28.2458871657,-98.724210101,6007,"Yankee Target Range",8.327782,4.60186446
33.3566628083,-82.2372795186,46,"Fort Gordon",49.52881821,86.73309413
35.0301022844,-79.4816241675,582,"Camp Mackall",23.49752201,12.45540982
32.484834871,-80.7071873496,1083,"MCAS Beaufort",54.03658199,11.89888126
36.816475644,-76.2994222614,1284,"NAVSUPPACT Norfolk NSY",4.439523,0.72651883
36.9022639632,-76.3023442266,1293,"Lafayette Rvr Complex",0.70323455,0.03096726
47.7233921483,-122.714839767,1484,"Bangor WA",17.15905357,11.39643406
30.6490705509,-86.5276912145,1665,"Eglin Air Force Auxiliary Field 3 Duke Fld",8.31817313,3.04210819
39.8174211612,-84.0507057402,1700,"Wright-Patt AFB",14.60653863,8.1629264
29.38670604,-98.6180831793,2585,"Lackland AFB",13.39987668,4.13361456
38.160004736,-89.7239409546,2963,"NG Sparta Armory",13.35758693,4.11467525
36.7939679589,-94.3642921962,3085,"NG MTA Camp Crowder Neosho",17.96236907,6.71082639
40.4394550384,-78.4147910881,3286,"NG Hollidaysburg Readiness Center",0.93422328,0.03497157
31.3776577083,-92.3866852494,3529,"NG Camp Beauregard",7.36266735,1.12165463
46.608471557,-111.971041404,3930,"NG Helena Aviation RC- AASF- C12",1.25925768,0.09363348
42.7681480625,-84.5713082578,3947,"NG Lansing Joint Forces Readiness Center",1.27272813,0.09081836
41.54343955,-83.0221332784,4022,"NG Camp Perry Joint Training Center",7.49106579,0.80303791
35.5035184926,-97.4701679958,4626,"NG Oklahoma Military Department",1.75144767,0.08793367
38.785720474,-97.6388622613,5143,"NG Salina KS Training Center",3.26458622,0.08301531
35.1875402981,-111.741594825,5451,"NAVOBSSTA Flagstaff AZ",4.23170158,0.44851887
39.3394330115,-118.880780116,5487,"Target B-16",42.94972842,43.30089688
30.3910783123,-87.6313191791,5547,"Barin Field",9.4056082,1.32276048
32.7486743431,-117.197008871,5636,"Old Town Site 1",1.59270899,0.07365039
32.7136561362,-117.172024897,5651,"Broadway Complex",0.68642006,0.02393591
32.8048190699,-117.093958022,5660,"Mission Gorge Rec Area",4.94075137,0.70028492
40.0256494173,-74.5801329664,5936,"McGuire",12.06451918,4.9862457
35.3427908944,-89.8597481799,5982,"Northside Mid-South",4.78180649,0.64515194
35.0872036174,-90.1390498645,5983,"NSWC Carderock Div",1.4049036,0.10019131
36.6032534708,-121.912105279,105,"Presidio of Monterey",4.35133598,0.61037804
36.9215240082,-76.322723548,1318,"Fire Fighters School",0.57708348,0.01915213
35.3646392145,-86.0796716743,1643,"Arnold",70.91531259,60.76822985
30.394460792,-86.7427418884,1652,"Eglin AFB Site 2 Santa Rosa Island",33.25063043,4.97793308
33.7961254892,-80.4817960181,1783,"Poinsett Range",22.01892042,19.57179064
38.7299115089,-93.5553845227,2230,"Whiteman AFB",17.77861534,8.20858883
43.1132212142,-78.9500571676,2522,"Niagara Falls",7.01311971,0.98617091
48.4515209628,-117.373850327,2546,"Cusick Survival Training Site",1.93270688,0.11752687
43.1306561021,-89.3361064283,2892,"Truax ANGB",2.78801687,0.23109196
29.6160801417,-95.1704814148,2937,"Ellington Field",3.34216296,0.33317385
40.841020615,-96.7538721771,2946,"Lincoln Map",2.00348056,0.17831156
29.4595308379,-98.4407138221,2948,"JBSA Sam Houston",16.5269834,4.24911492
39.6614390075,-81.8394982857,4091,"NG McConnelsville Training Site",5.21173618,0.70097498
45.5390766509,-94.0557892236,4540,"NG St Cloud AASF",1.13403848,0.08370848
36.8161399548,-75.9791524396,4833,"NG Camp Pendleton SMR",4.09268468,0.47905218
35.5981462433,-88.9129589106,4870,"NG Jackson Airport Armory",1.2570883,0.10038864
27.7013359207,-97.4363492634,5463,"ALF Cabaniss",7.43584124,1.48044362
33.2479609439,-119.506113048,5684,"San Nicolas Island",24.33274484,27.21652316
30.7137475905,-87.0201884489,6238,"NAS Whiting Field Milton FL",23.80991105,7.13505673
45.8426458207,-119.437655677,95,"Umatilla Chemical Depot",22.91816047,30.99643263
39.9796100871,-82.8985258467,571,"Defense Supply Center Columbus",3.93089208,0.90371811
42.6609659498,-82.8128744872,934,"US Army Garrison Selfridge",1.59094962,0.16074377
19.9692428627,-155.719658833,1011,"Pupukea Paalaa Uka Mil Road",19.34411399,20.71375137
32.337579472,-80.69617786,1137,"MCRD Beaufort",21.15272895,12.92052491
38.5203611824,-77.3647271918,1173,"Marine Corps Museum",1.77670081,0.15763888
39.8917550243,-75.1787438843,1314,"Det Phil Pny Annex",6.95737755,0.41201864
41.535278318,-71.3096354954,1355,"Naval Station Newport RI",27.72772266,1.43731762
40.4970086744,-113.563257825,1676,"Utah Test and Training Range South UT",156.94185586,900.7713739
41.128082376,-111.991247141,1693,"Hill AFB",17.92093484,10.33916226
41.2673838021,-80.6786812118,1802,"Youngstown",5.60290996,0.49828417
38.2645314897,-121.942797537,2495,"Travis AFB",17.1767098,7.82631612
38.9991596818,-104.999644284,2497,"The Farish Memorial Recreational Annex",6.19944523,1.05409456
40.6539758948,-86.1518428016,2503,"Grissom ARB",13.56951794,2.16776358
37.4989475163,-122.498033406,2513,"Pillar Point AFS",1.93371248,0.09906553
32.3830076533,-86.356311322,2567,"Maxwell AFB",9.61208808,3.63838956
64.6741086836,-147.060214201,2675,"Eielson AFB",41.45166079,31.00252335
40.8369889702,-72.6434132546,2804,"Francis S Gabreski Airport",1.55114703,0.12961243
41.5969299432,-71.4184961614,2859,"Quonset State Airport",2.24476347,0.16253112
40.0892143305,-83.0674428948,3244,"NG Beightler Armory",0.65483308,0.02723424
38.9545040967,-79.9791154099,4702,"NG Elkins AFRC",2.17287439,0.2282298
36.0173819633,-115.200674517,4726,"NG Anthony Cometa Complex",1.66111534,0.09003115
44.4996364569,-73.1646298114,5011,"NG TS Camp Johnson",1.53965644,0.0958901
32.6678869196,-117.157059858,5595,"Amphib Base Coronado East",5.52341556,0.77466416
33.3401617984,-116.68138499,5605,"Warner Springs Rts",23.25084967,9.52447707
40.2073636557,-77.1688037409,5944,"Carlisle Barracks",5.1381422,0.65458851
38.822867706,-104.696062064,5998,"Peterson AFB",12.59961731,2.15761494
40.5270428347,-112.411357721,6005,"Tooele Army Depot",35.20739677,39.68713188
36.596494345,-87.599046902,13,"Fort Campbell TN",53.88963469,105.59174084
38.8778215838,-77.0690379263,14,"Arlington National Cemetery",5.87883889,0.9728508
44.0335308735,-90.6765636531,62,"Fort McCoy",66.12012551,93.26753841
38.8671698257,-77.016494005,96,"Fort Lesley J McNair",1.94102298,0.16844624
21.5359637869,-158.019432628,170,"Helemano Military Reservation",2.83538388,0.44207169
21.4768147455,-158.052424245,171,"USA Field Station Kunia",0.94787148,0.0492424
34.461945779,-116.210925972,1148,"Twentynine Palms",186.65165961,1190.21534002
38.5520544383,-77.4571616476,1174,"MCB Quantico",71.75051871,92.07653203
36.7879489259,-76.3101638082,1290,"St Juliens Creek East",2.88709126,0.46936446
36.8663757991,-76.3318847593,1349,"Elizabeth Rvr Channel",1.06628139,0.05748192
38.8740586335,-76.9950963249,1406,"Naval Support Activity Wash",1.43172825,0.11862644
30.1726207717,-85.7522787123,1529,"Naval Support Activity Panama City",7.04826222,1.0245731
36.2384449698,-115.135834801,1709,"Nellis Annex",0.64412064,0.02516764
38.8051681105,-76.8744692983,2454,"JB Andrews",10.6363054,6.87972183
38.8058114757,-104.519907537,2524,"Schriever AFB",11.66857618,8.47225658
32.9127968927,-79.983267572,2555,"Charleston Defense Fuel Support Point",1.37824709,0.06946084
33.2559459604,-79.9889000764,2557,"Joint Base Charleston Short Stay",2.12930988,0.09612861
32.4070003775,-86.2462388765,2564,"Maxwell AFB Gunter Annex",6.02781658,0.59023271
45.0843936284,-83.5700561745,2769,"Alpena County Regional Airport",5.81985922,0.85512122
38.9609025845,-95.681207501,2787,"Forbes Field ANG",2.61955479,0.27333547
42.1604107875,-121.744216355,2826,"Kingsley Field Cantonement Site 1",3.28800642,0.24886542
36.1109974019,-86.6749742271,2852,"Nashville IAP",1.5909501,0.13740321
32.778187703,-97.458544842,3461,"NG Fort Worth - Shoreview",1.80601272,0.12970376
39.0513458097,-85.5247386919,3855,"NG Muscatatuck Urban Training Center",6.72174385,1.50150396
46.626145715,-112.146444058,3927,"NG MTA Ft Wm Henry Harrison",21.55054196,10.25194574
42.5489411722,-71.584497782,3940,"NG Ayer",1.38868892,0.10220823
39.6732925118,-92.5020276292,4237,"NG Macon TS",22.09688508,4.80757307
36.4213309591,-82.4887633022,4355,"NG Johnson City Gray",1.6389087,0.16765596
35.6603704603,-95.3735309528,4534,"NG Muskogee AFRC",1.45846706,0.09100438
37.0367527263,-77.9093172808,4959,"NG Fort Pickett ARNG MTC",64.16128108,64.30688439
30.5064032466,-86.9567087641,5550,"NOLF Choctaw",7.86917189,2.26449666
31.4156644398,-87.0439393588,5551,"NOLF Evergreen",6.50657585,0.69424386
35.9342694303,-117.643911309,5742,"NAWS China Lake",178.29976752,957.46719228
31.2156853581,-97.7370319242,5787,"Fort Hood",160.74338152,342.69549145
33.922334237,-84.5270544482,5974,"Air Force Plant 6",7.6527283,1.18394937
30.7934587256,-81.5333259382,6001,"Subase Kings Bay GA",25.59655739,22.11571068
39.4222968339,-118.704557143,6060,"NAS Fallon NV",22.06630679,13.30250948
20.0318843522,-155.829966763,177,"Kawaihae Mil Reserve",2.68212787,0.03805322
38.7084767137,-77.1565160328,601,"Fort Belvoir",28.7203872,13.00441116
38.8411900749,-86.8124514998,1383,"Naval Support Activity Crane",66.85914639,96.85457877
35.4191853794,-97.3929293521,1697,"Tinker AFB",18.41947701,6.94229693
44.1331953443,-103.090999951,1820,"Ellsworth AFB Site 2",9.40315679,2.00127812
25.4944981242,-80.3914944068,2518,"Homestead ARB",13.02372709,4.60854128
29.3687556968,-98.6650123488,2584,"Lackland Training Annex",10.01285806,6.20617017
64.768242806,-146.889492296,2663,"Yukon Weapons Range",27.83782608,34.78530348
30.4863923135,-81.7054402836,2819,"Jacksonville IAP",3.48761262,0.53484249
40.8116650292,-82.5179560357,2836,"Site 1 Cantonement Area",2.29287661,0.11022888
39.3317978625,-76.4150756624,2837,"Martin State Airport",2.79530963,0.27366956
40.7896351662,-111.956659778,2871,"Salt Lake City IAP",2.10467974,0.21874313
30.2011201324,-91.1289504931,3367,"NG Carville Gillis Long Center",3.02134805,0.55599906
37.2532754828,-93.3909578934,3434,"NG Springfield AVCRAD (New)",1.69441782,0.16758983
61.6030503345,-149.37484979,3464,"NG Alcantra Armory Complex",3.02871493,0.50008399
44.714336076,-123.270695898,3891,"NG Camp Adair Corvallis",3.53887273,0.82438456
21.3189917251,-158.062484829,5115,"NG Kalaeloa",3.28122554,0.27013821
21.3735152684,-157.937987691,5398,"Aiea",4.24991052,0.18263595
21.3388777428,-157.995139279,5405,"Ewa",15.95191438,4.88214868
36.243764679,-119.883529044,5535,"Sewage Evaporation Pond",3.59413662,0.67341027
30.9725276772,-83.1646930406,5940,"Moody AFB",23.41130784,16.82885422
31.122537386,-85.9790965172,81,"Tac X Stagefield AL",1.68250287,0.07945462
47.0544740533,-122.552700903,92,"Fort Lewis",119.6952361,108.72802238
32.0096565094,-81.1535601851,657,"Hunter Army Airfield",13.99191536,8.46658284
48.1237034582,-122.171056043,1488,"Marysville WA",1.12290828,0.08140462
29.1183865271,-100.47229345,2450,"Laughlin AFB Aux 1",4.00040491,0.62588742
32.9629279333,-79.9635724771,2556,"Joint Base Charleston Naval Weapons Station",77.84501672,26.43353981
33.538406301,-112.321762273,2600,"Luke Waste Annex",0.93154291,0.05695777
47.4765456036,-111.364979591,2811,"Great Falls IAP",2.26656673,0.20885517
46.913722408,-96.8044644308,2817,"Hector IAP",3.62269995,0.39879297
41.501405282,-74.0843453548,2890,"Stewart IAP",2.74601337,0.40548721
44.4744278549,-73.1478968168,2934,"Burlington IAP",4.0860007,0.38757946
29.8846193966,-98.2193812601,2954,"Canyon Lake Recreation Annex",3.21804597,0.59896811
41.81021516,-93.7813025881,3233,"NG Camp Dodge Johnston TS",213.55074251,51.6553432
40.4359467182,-76.6296904585,3415,"NG Fort Indiantown Gap",41.43605759,26.99192652
32.8648656985,-98.0295707976,3677,"NG Fort Wolters",20.80763387,6.38768009
31.4394196846,-92.2955559116,3936,"NG Beauregard Training Range",23.45963311,19.71133424
35.3391521049,-120.703075007,4051,"NG ITC Camp San Luis Obisbo",23.21851592,8.83557913
44.4717265822,-72.896538843,4497,"NG TS Ethan Allen Range",18.73483696,17.30767006
30.4161868882,-89.062874432,4593,"NG Gulfport AVCRAD",1.6492658,0.1044845
30.2616699455,-97.2945537016,4657,"NG Camp Swift",20.24228567,18.31649555
38.8448751542,-77.0147335466,5397,"JBAB Anacostia Bolling",8.67190951,1.46695792
21.3462993357,-157.922047733,5410,"Honolulu",9.71707007,1.51992913
29.8313631946,-90.0208667897,5508,"NAS JRB New Orleans LA",12.46143426,5.26857311
30.6253166375,-87.1398275231,5558,"NOLF Spencer",3.89280542,0.99083217
28.4282639805,-80.588426762,5587,"NOTU Cape Canaveral",10.39312384,3.68880921
45.72074181,-119.687435193,5980,"NAVWPNSYSTRAFAC Boardman",39.25145027,73.91080678
47.9883156828,-122.223175004,6064,"NAVSTA Everett WA",3.80854233,0.33639769
48.3386378202,-122.661500903,6200,"NAS Whidbey Island WA",17.15318918,6.51215007
33.6531336371,-85.9692368218,11,"Anniston Army Depot",23.96588335,24.34134505
38.5587412041,-104.826768506,43,"Fort Carson",70.91682378,215.5272868
37.1870774617,-80.5424873564,687,"Radford AAP",20.31060637,6.29488563
33.3119495462,-115.309239233,1163,"Choc Mt Air Gnry Rng",173.00820453,716.16304686
21.3835443747,-157.971379541,1234,"Pearl City Annex",0.90949865,0.04127455
37.2159079687,-76.4860419602,1295,"Yorktown Fuel Depot",1.9129514,0.22694957
40.422044168,-74.0704353876,1309,"Waterfront",2.72277215,0.15382455
35.3479024962,-77.962577717,1788,"Seymour Johnson AFB",12.63219333,5.04956187
42.1990993962,-72.5364984149,2508,"Westover ARB",11.89019596,3.73008144
52.721036906,174.107140074,2676,"Eareckson AS",16.96804743,5.45947725
41.1620252547,-104.821289643,2785,"Cheyenne Regional Airport",1.61995915,0.10400657
35.3414611154,-94.3704265035,2795,"Fort Smith Map",1.74866712,0.18078243
35.025497959,-89.966549951,2840,"Memphis IAP",1.97503922,0.18570996
39.8490796654,-83.8354791953,2889,"Springfield Beckley",2.73583697,0.20672733
33.5710203144,-86.7541411026,2932,"Birmingham Airport",4.14696304,0.21035001
35.1948003007,-111.850594633,3277,"NG Camp Navajo",29.45875719,44.22871071
25.9624299881,-80.3047964814,3714,"NG HMO3 (Snake Creek TS)",2.99821052,0.49819885
42.2994261787,-85.3177166165,4154,"NG CTC Fort Custer Trng Center",17.68327225,11.7231836
44.0731899378,-103.30683687,5323,"NG West Camp",5.04249235,1.19445672
29.3427718639,-98.4396992143,5832,"Brooks AFB",5.92450829,2.04262546
39.1265401339,-75.465256235,6216,"Dover AFB",14.01473535,4.26336397
38.1180327475,-77.2759052325,12,"Fort A P Hill",56.23083171,116.58079582
41.1975381899,-75.4291099943,97,"Tobyhanna Army Depot",7.00588776,2.27905895
32.6453966733,-114.602240833,1154,"MCAS Yuma",14.75257572,7.42796297
36.8255463263,-76.289264919,1289,"NNSY St Helena",0.59946344,0.01914829
37.2849658658,-76.6194826812,1315,"Cheatham Annex",18.5978649,3.58828419
37.8861451185,-75.4686379534,1354,"JEBLCFS Wallops Island VA",37.07550981,10.10759615
42.3003113359,-87.8539702937,1381,"GL Camp JPJ",2.36192457,0.07713146
30.3527067706,-87.3063356676,1449,"NAS Pensacola FL",25.50381109,8.50791146
30.4028604162,-87.2900851792,1457,"Corry Station",4.38100437,0.91986194
64.2881605755,-149.190714695,1797,"Clear Air Force Station",19.99637984,17.9384353
43.5732338069,-96.7415313205,2884,"Joe Foss Field",1.98740466,0.14433221
41.5443605816,-93.6660689484,2904,"Des Moines IAP",2.6823807,0.25286069
39.406011562,-77.9845939323,2912,"EWVRA Shepherd Field",4.96366638,0.4879501
41.9420819916,-72.665875741,3131,"NG Camp Hartell",1.44216235,0.09039005
29.4318157845,-98.3795077904,3168,"NG Martindale - AASF",2.37904298,0.32936286
41.286945521,-88.6795863034,3237,"NG Marseilles (MTA Tng Area)",10.69083675,4.46138328
43.6687895015,-70.6637499429,3250,"NG Hollis Plains Training Site",3.48767224,0.64282798
36.2956939177,-95.2921270779,3322,"NG Thunderbird Youth Academy",5.65304877,0.8262293
33.7333873334,-85.7878345164,3331,"NG Fort McClellan ARNG Tng Center",5.8097707,0.79923366
33.7108821376,-89.6859335176,3440,"NG CTA Camp Mccain",27.8469078,20.27045612
41.3118240947,-73.9509046086,4077,"NG Camp Smith Tng Site",8.30072676,2.48001696
32.6962020716,-117.245822433,5618,"NAVBASE Point Loma",11.58325743,1.79191532
26.0918029314,-80.1100114622,5865,"Dania Beach (Lauderdale)",0.62034361,0.01514858
46.744530905,-120.165725249,9,"Yakima Training Center",119.30622946,511.12106341
31.3626015042,-85.8489813304,75,"Shell Basefield AL",2.35801524,0.38200326
39.1046170939,-76.7454436487,652,"Fort George G Meade",21.749239,7.30130972
41.404179439,-75.6659088025,680,"Scranton AAP",0.61595369,0.02303403
42.7198249748,-73.7081190476,872,"Watervliet Arsenal",2.72594444,0.20726435
31.5508944243,-84.0558826773,1076,"MCLB Albany",17.12342374,5.28920874
34.9120752465,-76.8854246963,1117,"MCAS Cherry Point",53.86377756,17.75227136
32.7293500339,-117.220992794,1145,"Former NTC",1.7148091,0.11175495
43.0790804004,-73.8207400706,1352,"NSA Saratoga Springs NY",0.83752619,0.03516218
38.8719172793,-77.0547227251,1639,"Pentagon Building Site",4.98638,0.34395351
61.2697994083,-149.811188858,2637,"Elmendorf AFB",19.79301824,17.07431075
36.766535122,-119.71000318,2810,"Fresno Yosemite International ANG",1.76514843,0.12051507
38.5912194524,-90.2083428154,2928,"St Louis Air Force Station",1.21329635,0.04871351
39.80503102,-82.9514625254,3492,"NG Rickenbacker (MTA)",1.79870376,0.1939832
45.412447609,-122.557961254,3893,"NG Camp Withycombe Clackamas",2.04114855,0.12609311
33.7912112939,-118.052226791,4159,"NG TS AFRC Los Alamitos",6.71506292,2.06314156
46.2740762237,-111.579816882,4336,"NG MTA Limestone Hills",29.45076375,33.30838897
44.6874716798,-84.7298829884,4459,"NG MTC-H Camp Grayling",283.58169793,228.79220565
39.0201681146,-95.6832394397,5124,"NG Kansas",1.5430536,0.088286
21.3620293704,-157.988002333,5428,"Waipahu",12.9657659,2.39339867
24.5785674303,-81.7735965378,5516,"Dredgers Key-Sigsbee",4.61936781,0.56045205
32.6757646692,-117.122748674,5645,"NAVBASE San Diego CA",7.43617433,1.11234671
38.3744532716,-119.542277539,5876,"Bridgeport",64.03226584,96.71498927
62.4083568593,-145.155004797,5881,"Haarp Research Station",13.17772301,8.47427815
19.7144170574,-155.626600781,6,"Pohakuloa Training Area",89.06464246,205.67476917
34.0182119696,-77.9732412004,101,"Military Ocean Tml Sunny Point",40.63022482,18.03094326
21.4469197196,-158.191081477,172,"Waianae Kai Military Reservation",1.01506332,0.02107027
40.9543096396,-74.5446255065,677,"Picatinny Arsenal",21.652624,10.27481807
38.8677348506,-77.0793350205,1412,"Arlington Service Ctr",0.80304023,0.03030048
30.3779481049,-89.1263993012,1460,"CBC Gulfport MS",6.73341033,1.75055909
41.0243231993,-113.216942448,1683,"UTTR - North",129.89177052,575.80925514
33.8888501058,-117.258472446,1801,"March ARB",14.77766976,3.37656166
43.1138099132,-70.814765745,2229,"Newington Defense Fuel Support Point",2.11401517,0.25103042
32.890154532,-112.728184427,2599,"Gila Bend Air Force Auxiliary Field",7.41839854,3.14372097
40.0272120222,-74.3752601945,2920,"Lakehurst",19.03346649,11.62878241
29.5294863383,-98.2783394708,2955,"Randolph AFB",16.99211849,4.5043611
32.8613917382,-83.6056544923,3706,"NG Macon Readiness Center",0.83216291,0.04500699
36.2015259374,-78.801333792,3838,"NG MTA Camp Butner",12.78003577,7.67854008
46.1288264462,-123.944346596,3892,"NG MTA Camp Rilea",8.89484029,2.81777389
38.1853052947,-84.9089928237,5204,"NG Frankfort Boone NG Center",6.58181753,0.55610637
22.1303466109,-159.725349007,5367,"Makaha Ridge",2.4600103,0.32285486
30.3446850234,-87.5407700889,5560,"NOLF Wolf",5.45687663,0.65753993
38.9820668667,-76.4838558469,5698,"NAVSUPPACT Annapolis",2.65869576,0.29358261
26.9825205984,-80.1068614293,5861,"Jonathan Dickinson Tracking Annex",1.3989964,0.01747948
37.2494396184,-77.3347277202,1,"Fort Lee",23.18682471,8.85401196
40.6996401966,-84.1328894032,660,"Us Army Joint Sys Mfg CtrLima",4.16320377,0.90958295
32.7399583948,-96.9564403611,810,"Grand Prairie Reserve Complex",1.48183545,0.11659727
36.9433080035,-76.3015136921,1404,"NAVSTA Norfolk VA",19.53021724,6.3444268
38.145841636,-76.4278909867,1408,"Webster Field",9.33448735,1.51343387
33.9174086513,-84.5192362187,1803,"Dobbins ARB",10.89297169,3.78261368
33.6413120873,-88.4511187521,2575,"Columbus AFB",11.96089694,6.8601769
44.8175673815,-68.8298013821,2777,"Bangor IAP",4.81304066,0.42377862
35.8114939421,-84.0036709533,2839,"McGhee Tyson Airport",4.81290706,0.56671413
42.9410456217,-87.8879842837,2843,"Gen Mitchell IAP",1.59741204,0.10270726
42.3152607726,-85.2517650226,2899,"W K Kellogg",3.00675032,0.21872001
41.365115238,-72.2719883265,3132,"NG Stones Ranch Military Res",14.0614345,2.91240409
29.9610820259,-90.0054600369,3146,"NG Jackson Bks",4.08727224,0.18652636
39.5789596414,-85.8110236465,3899,"NG Shelbyville",1.17582278,0.07214745
41.1971787101,-81.0848343174,4082,"NG Camp Ravenna Joint Military Training Center",27.98837304,33.88266775
43.9969533709,-92.431667564,4545,"NG Rochester NGA and OMS 2",0.57179585,0.01782066
43.2374990056,-78.9726913885,4730,"NG Youngstown Tng Site",4.61779927,1.34071889
44.5098902146,-73.1635564756,5010,"NG Ethan Allen AFB MTA",4.73495996,1.02652087
44.0801387023,-103.266957925,5356,"NG Camp Rapid",1.45033491,0.12937848
22.0390260692,-159.754233043,5366,"Kamokala Ridge",1.75419217,0.13891071
21.3365657616,-157.947911019,5411,"JBPHH Pearl Harbor HI",26.44019343,5.53076205
24.564687961,-81.7912167283,5527,"Trumbo Point Annex",4.09484789,0.20399029
33.9949571838,-119.633496836,5685,"Santa Cruz Island",0.84067605,0.01240696
37.7301830972,-121.896604083,49,"Parks Reserve Forces Tng Area",12.10233686,3.74509133
31.1507181645,-85.7365895283,70,"Highbluff Stagefield AL",1.61826363,0.14827059
21.6554725925,-157.991699974,147,"Kahuku Tng Area",24.10885693,14.21697719
19.4339227624,-155.274146853,178,"Kilauea Mil Reserve",1.15740786,0.0773326
43.122804331,-87.9772820103,414,"W Silver Spring Complex",2.09568162,0.19706563
40.2081935416,-76.8392842405,576,"Defense Distrib Depot Susq",6.28513057,1.3104137
39.4393426467,-77.4329802888,638,"Fort Detrick",9.3707605,1.90590655
42.4983892077,-71.6564168902,644,"Devens Reserve Forces Tng Area",18.7805218,7.94792546
32.8768862606,-117.085904098,1141,"MCAS Miramar",44.19571243,35.28132876
41.537007483,-71.3449081892,1370,"Gould Island RI",0.84140173,0.01563502
30.4703563325,-87.341464807,1448,"Saufley Field",6.89690133,1.33100134
32.4228638826,-99.8391523672,1817,"Dyess AFB",14.97703127,8.38591111
36.337985538,-97.9145208117,2587,"Vance AFB",12.95639316,5.32526778
42.3949424324,-96.3728939608,2880,"Sioux Gateway Airport (ANG)",1.85965053,0.11980777
40.6623266748,-89.7047451161,2910,"General Wayne A Downing Peoria IAP",3.62388193,0.5651211
41.6154323015,-71.4990309697,3080,"NG Camp Fogarty Tng Site",4.12075797,0.58829444
30.1763045639,-97.6720949612,3166,"NG Bergstrom - (Abia)",1.17456478,0.0937977
44.2000240894,-121.116641902,3183,"NG Biak Training Center COUTES",52.04252063,44.69652295
36.0990427201,-86.7588114945,3346,"NG Nashville",1.74417681,0.10290826
33.4680085999,-111.961734255,3580,"NG Papago Military Reservation",4.50199573,0.6099293
39.7443784632,-86.2281648634,3862,"NG Indianapolis 38 ID",1.0507801,0.07313912
39.4053782409,-79.6650809272,4971,"NG CTC Camp Dawson-Kingwood",42.37537949,12.50940937
31.0485248017,-87.0645146284,5549,"NOLF Brewton",5.11835413,1.02628265
32.6713189664,-117.167654101,5596,"Amphib Base Coronado West",1.59537089,0.11352591
32.7262714976,-117.145036279,5648,"Balboa Hospital",1.59046014,0.11864602
33.7504659919,-118.064188826,5734,"NAVWPNSTA Seal Beach",16.0394274,7.48513923
33.9237676683,-117.569462918,5740,"Norco",3.6019808,0.38092326
35.5147864004,-117.141406945,5747,"Randsburg Wash Area",149.04755414,826.15256661
43.1269235478,-75.5912449791,5828,"Verona Defense Fuel Support Point",0.56138468,0.02040583
41.1707420451,-104.860338183,5911,"F E Warren AFB",18.97551999,9.64543887
71.3217290437,-156.647955307,6054,"NARL Barrow Camp Tr1",8.170828,0.98578627
42.3887282099,-96.3753394484,6158,"Sioux Gateway Airport (ANG)",0.74377452,0.0238947
38.0893373204,-92.6050226881,50,"Lake Of The Ozarks Recreation",3.84473544,0.50059651
21.3459798367,-157.883423329,169,"Fort Shafter",7.01601646,0.92213281
34.8948517394,-76.3494185567,1113,"OLF Atlantic",8.00600134,2.29638632
33.3617631238,-117.423573571,1144,"MCB Camp Pendleton",75.13581087,196.77328222
48.2942162716,-122.600904083,1514,"Sea Plane Base",16.67040945,4.91809346
36.7367977571,-98.1206530872,2588,"Kegelman Air Force Auxiliary Field",7.88828531,1.9189984
40.4853906277,-80.2128717533,2856,"Pittsburgh IAP (ANG)",4.00452124,0.45177954
38.698673015,-97.8316970673,2887,"Smoky Hill ANG Range",38.01773609,53.03493845
29.5647013744,-97.9056493003,2951,"Seguin Auxiliary Field",9.50407424,1.49755612
43.2274955645,-116.138977329,3172,"NG Orchard Combat Training Center",72.12018494,224.04205621
35.8091728617,-78.7120731248,3839,"NG Raleigh",2.02012792,0.12619144
38.5515266427,-92.0684326746,4234,"NG TS Ike Skelton Jefferson City",3.87773452,0.73617051
40.9618173985,-98.2987920709,4570,"NG Grand Island AASF/RC",1.04771756,0.07795223
40.2697852903,-74.7446975393,4651,"NG Lawrenceville",1.61750645,0.12211461
32.5969675488,-117.128170944,5361,"Silver Strand South",4.25677531,0.85815758
21.5204386438,-158.005639333,5424,"Wahiawa",7.11309558,1.07307736
32.6677774858,-117.240517357,5642,"SPAWARS South",1.42592048,0.07760893
43.2214961419,-75.4097019981,5831,"Rome Laboratory",3.49336003,0.13098396
39.3897332632,-76.2184808653,6225,"Aberdeen Proving Ground",56.0093554,112.76258708
35.9554065709,-121.253769516,27,"Fort Hunter Liggett",112.28528006,252.81147345
39.1866803598,-96.8208663239,61,"Fort Riley",76.12423409,158.94663865
31.359582043,-86.0139459687,77,"Stinson 5AB Stagefield AL",2.09866788,0.27093983
40.1545151653,-113.284084389,577,"Dugway Proving Ground",166.54263054,1250.7702621
38.1554946642,-78.4136946349,605,"Rivanna Station",1.74910696,0.11804562
44.1248120384,-75.5920674235,645,"Fort Drum",83.64489799,170.14390483
42.2895101722,-71.3633494213,673,"US Army Soldier Systems Center Natick",1.73908776,0.10050346
34.8905585366,-116.870241242,1139,"Yermo Area",9.11344588,2.64181706
36.8887856719,-76.3605553448,1279,"Craney Island",8.58664027,1.14872858
37.2448033923,-76.5855659537,1296,"Naval Weapons Station Yorktown",17.12229581,16.23443339
36.9231148685,-76.0174690076,1323,"JEBLCFS East",7.03987052,2.44218058
36.6512553805,-115.640007706,1704,"Creech AFB",123.27287574,211.77097773
47.5059106291,-111.182777387,2060,"Malmstrom AFB",11.7428722,5.1197989
48.4210623214,-101.338350153,2228,"Minot AFB",17.73537119,7.75923308
38.9946516318,-104.857157781,2499,"USAF Academy",36.94683316,28.81367101
34.9040005265,-92.1384692754,2561,"Little Rock AFB",14.60126902,9.71379196
21.3636803488,-157.710220122,2593,"Bellows",5.40831439,0.6427876
33.5362891829,-112.374183665,2602,"Luke AFB",18.59304004,4.54293907
32.3244710273,-90.0826770417,2820,"Jackson IAP Thompson Field",3.18635924,0.18841526
41.6461510573,-70.5337300198,2854,"Otis ANG Base",8.20949827,1.07957185
39.8128368963,-82.9437124972,2862,"Rickenbacker",3.17840196,0.26336079
42.6124987986,-82.8324160105,2879,"Selfridge ANGB",11.9763104,4.84474071
43.9362601246,-90.2543423584,2895,"Volk ANGB",10.88799346,3.46476952
46.8449538206,-92.172128284,2905,"Duluth IAP",3.62073643,0.23824589
41.5865259257,-83.7919651408,2917,"Toledo/Exp Airport",2.79467094,0.2112758
41.3313986668,-72.1879440898,3130,"NG Camp Niantic",2.25538866,0.1272156
33.7179613001,-85.9502653692,3337,"NG Pelham Range Training Site - Fort McClellan",25.51423338,34.72625367
35.781595342,-120.780040594,4050,"NG MTC-H Camp Roberts",43.04942674,66.57950519
45.5648760428,-94.1774187425,4395,"NG St Cloud NG Armory",0.47940595,0.01012664
30.3578247818,-91.1408358591,4537,"NG Baton Rouge AFRC",1.76793402,0.07949045
47.7711996949,-98.7161638156,4620,"NG Camp Grafton",39.21101987,18.11781989
40.1899589793,-75.5558107769,4797,"NG Spring City Readiness Center",1.12202011,0.08243453
39.4323773898,-76.5050135446,5207,"NG MTA Gunpowder Military Reservation",3.21346546,0.39683503
43.5892992575,-96.6754244833,5324,"NG Sioux Falls Benson Rd Complex",1.17532548,0.0888212
21.3813432543,-157.974037315,5421,"Pearl City",9.66286982,0.90113404
34.8902967213,-117.848771224,5920,"Edwards AFB",113.39049678,481.54080981
38.9214186847,-77.0670325804,5979,"Naval Observatory",1.1550366,0.11269509
38.0513971399,-122.018795364,102,"Military Ocean Terminal Concord",34.93170367,9.31225766
36.6697817061,-87.6718272017,586,"Fort Campbell KY",65.30685697,57.96505553
41.5170748739,-90.5411561301,679,"Rock Island Arsenal",10.12334765,1.40384772
30.405301276,-81.6216735389,1199,"Jacksonville FL Maint",2.27205097,0.17706
21.3182154989,-157.988054568,1239,"Puuloa-Oahu",2.26757498,0.24891757
41.4753432866,-71.3399358753,1360,"Fort Adams RI",1.24001498,0.03755488
30.3815861854,-81.4248272955,1549,"NAVSTA Mayport FL",14.6884409,5.36687841
27.6924886772,-97.2793198862,1560,"NAS Corpus Christi TX",13.66429392,4.41900068
30.4291906458,-86.6987100281,1658,"Hurlburt Field",15.08632469,9.97662301
44.892490313,-93.2071583527,2502,"Minn-St Paul",4.33354996,0.3590452
34.7135727132,-120.55814563,2515,"Vandenberg Main Base",97.65642847,154.77135302
35.4076597475,-97.611671339,2898,"Will Rogers World Airport",1.78869294,0.21183731
42.3382282871,-104.809449137,3197,"NG MTCH Camp Guernsey",131.36312209,123.23180463
35.2565207847,-94.1634392414,3333,"NG Fort Chaffee MTC",82.34844951,101.75103068
31.0902463593,-89.0068676906,3439,"NG MTA Camp Shelby",109.76437067,216.30440833
32.6629164638,-111.488032827,3581,"NG Picacho Aviation TS",2.96368502,0.51344293
41.7003516585,-70.5448394116,4379,"NG MTA Camp Edwards",36.9530397,32.11642959
39.4979931517,-76.8456986902,5209,"NG MTA Camp Fretterd",4.25629409,0.91768655
28.6111807311,-97.6121549462,5465,"NALF Goliad",9.67671358,1.77579793
24.5688912079,-81.7508073951,5521,"Naval Hospital",0.64248908,0.02430987
39.0567083217,-76.6762764474,5700,"Gambrills",6.29121013,1.30537598
38.9898516944,-76.4624264305,5701,"NAVACAD North Severn",9.39997803,1.28355894
36.5916541246,-121.860796344,5724,"Navy Annex",2.35051998,0.18969614
38.5491137312,-77.2131682728,5760,"Stump Neck Area",16.24247393,1.73972264
30.4078255445,-88.9216855143,5934,"Keesler AFB",9.50161188,2.22337201
47.5591924008,-122.635482091,6165,"Shipyard Puget Sound",3.25852438,0.45793782
31.3863190917,-85.9722716491,66,"Brown 4b Stagefield AL",1.98403965,0.25504468
31.2285844723,-85.5587094717,82,"Toth Stagefield AL",1.76953087,0.19007856
21.4956034912,-158.053239766,150,"Schofield Barracks Military Reservation",43.85006229,23.4489528
40.6089967598,-74.0294500589,647,"Fort Hamilton",3.24169841,0.27630773
40.7920025926,-91.2456158021,659,"Iowa AAP",25.59289443,33.62462485
34.69285056,-77.0286825557,1109,"ALF Bogue",7.99680624,1.41145676
40.253857198,-74.1608483411,1311,"Naval Weapons Station Earle NJ",23.79425256,13.36624457
36.9250152893,-76.2996109684,1316,"NAVSUPPACT Hampton Roads VA",5.38171186,1.22247271
40.0413030722,-75.094581272,1324,"Det Philadelphia PA",2.08669546,0.21074834
32.5531914123,-88.5695131272,1530,"NAS Meridian MS",32.75334077,12.63878888
35.3314242265,-89.8707837951,1557,"NAVSUPPACT Midsouth Memphis TN",6.41407356,1.62297726
30.5759376196,-86.5283733486,1655,"Eglin AFB (Eglin Main and Reservation)",235.02625837,703.11834606
41.9349940506,-72.7012504094,2779,"Bradley IAP",2.37862622,0.23060368
39.6865096946,-75.5975562186,2853,"New Castle Airport",2.13090153,0.12085951
43.0890854907,-70.8187307657,2855,"Pease ANGB",2.9033002,0.33578116
32.1264203859,-81.1897565604,2875,"Savannah/Hilton Head IAP",4.68716859,0.32225043
27.8436083654,-82.5010227484,2922,"MacDill AFB",14.38182786,8.90105922
36.8915192187,-90.2799665184,4236,"NG TS Clark Natl Forest Wapp",9.67342612,3.1987163
44.7477484831,-93.1276054375,4546,"NG Rosemount NG Armory",0.56147155,0.01875397
32.8385569471,-115.258177991,5449,"Holtville Carrier LS",19.49433105,1.89598568
29.9488308912,-90.0328996808,5511,"West Bank",3.06635542,0.30661643
30.5080389773,-87.6471946322,5559,"NOLF Summerdale",4.29074585,0.87455448
33.984552387,-98.4996936818,5943,"Sheppard AFB",12.37061032,7.00485874
48.1896005828,-122.632442292,5984,"OLF Coupeville",6.92338408,1.04788297
43.0489402334,-115.865880301,6053,"Mountain Home AFB",12.65257109,9.42344916
39.121056975,-121.395465168,6169,"Beale AFB",29.51014189,36.18826308
34.6433579946,-77.3051040489,6195,"MCB Camp Lejeune (East Site)",174.26717532,88.05265063
28.233869335,-80.6080075194,6230,"Patrick AFB",18.43883883,3.02444993
34.0398329341,-80.8279912711,51,"Fort Jackson",42.46091876,82.3615815
31.1583587094,-93.1211074078,63,"Fort Polk",332.77351078,375.45963653
31.3801590885,-85.5801110187,72,"Hunt Stagefield AL",1.92317563,0.20039693
21.2818165031,-157.833889161,168,"Fort De Russy",1.50822926,0.11060108
39.0062532255,-77.0549719287,642,"Fort Detrick Forest Glen Annex",2.20642048,0.19459995
36.9200366625,-76.3166237521,1317,"SDA Area",1.49487142,0.14014529
44.9888095805,-70.4506315715,1365,"Redington Township",31.85232816,19.4922695
41.5424613695,-81.6261664945,1388,"Bratenahl",1.17347686,0.04823925
27.646918201,-81.2767274884,1771,"Avon Park AF Range",75.6069703,166.27886704
37.0855727581,-76.3643682001,2529,"Langley AFB",21.47567299,4.86093879
32.8994019151,-80.0503551711,2551,"Charleston AFB",15.94819967,4.73353742
33.9228868864,-80.8006861299,2838,"McEntire Joint National Guard Base",11.15962031,3.73434117
42.8521798908,-73.9228087372,2878,"Schenectady ANG MAP",2.44305308,0.19697492
36.21702376,-95.8747750984,2893,"Tulsa IAP",2.28947442,0.15614886
39.4539927154,-87.294448703,2915,"Hulman Fld",1.54130418,0.1084794
37.6251905946,-97.2602816317,2923,"McConnell AFB",15.32663449,4.14093277
44.6816424356,-84.7276786991,3604,"NG Grayling Airfield",4.96602298,1.44081907
46.2108188793,-94.4252675838,3746,"NG Camp Ripley",91.52429311,82.43455153
39.7713454952,-85.5168694395,3858,"NG Knightstown",3.98199214,0.60557005
39.2975804442,-86.0464169812,3859,"NG Camp Atterbury",41.2768468,54.70204954
35.3734788352,-106.652026372,4404,"NG Rio Rancho TS",1.84489447,0.18650518
40.1238242063,-74.0373077638,4634,"NG Sea Girt NJ NGTC",2.38799542,0.27220755
36.2909200901,-115.041255853,4690,"NG Floyd Edsall Training Center",8.56167604,2.61604132
19.7065531733,-155.038477564,5118,"NG TS Keaukaha Mil Res",6.70610147,0.78726665
32.7688101038,-97.4336577395,5504,"NAS Fort Worth JRB TX",10.22592192,2.68375937
30.6093001746,-86.9388110937,5555,"NOLF Santa Rosa",5.49460292,1.16497294
34.1123267884,-119.110013772,5672,"NAVBASE Ventura Cty Point Mugu CA",15.12018715,6.98976662
32.3890480095,-80.681975435,5689,"NAVSUPPFAC Beaufort SC",1.90957695,0.18869564
38.6584730674,-76.5320162332,5699,"Chesapeake Bay Detach",2.53268077,0.27562962
37.4129145643,-122.028398714,5722,"NAVPMOSSP Mtn View",1.08032422,0.07722918
32.6175524438,-83.5815847711,5999,"Robins AFB",18.31583053,10.47149268
34.6328507804,-86.6571701025,4,"Redstone Arsenal",36.82437325,59.65636472
31.567419034,-110.329649033,41,"Fort Huachuca",76.52089724,126.24498888
31.2786073023,-85.7149945144,67,"Cairns Basefield AL",7.26037498,2.01590342
31.3403853788,-86.091887871,74,"Runkle Stagefield AL",2.81278647,0.40943928
21.3618785619,-157.911388913,164,"Aliamanu Military Reservation",5.87763715,0.92467372
21.5762316637,-158.198775803,167,"Dillingham Mil Res",5.47414425,0.96697142
37.4187717327,-77.447528995,572,"Def Gen Supply Center",6.3406374,0.89470004
32.2838712304,-84.9548431105,579,"Fort Benning AL",29.08141831,19.31206884
31.5484913702,-81.6199877022,1082,"TBR Main",228.60596022,128.6658504
43.1001011135,-76.1210991111,1213,"Syracuse MCRC",1.09136432,0.06630363
35.4036965841,-97.3603027818,1696,"Tinker Support Annex",1.95160534,0.2054024
33.9811703229,-77.9164586721,1787,"Fort Fisher Recreation Site",1.91609877,0.06505427
32.5002809582,-93.5999413403,1806,"Barksdale AFB",28.93687611,34.29115123
34.3840149372,-103.321106281,2461,"Cannon AFB",12.80012055,6.34170532
34.4091917117,-103.328244295,2465,"Cannon AFB Site 2",2.82718202,0.4416304
33.7159742765,-112.527923384,2598,"Luke Air Force Auxiliary Field No 1",5.20833523,1.1827716
30.4107264037,-89.0612086467,2943,"Gulfport-Biloxi Regional Airport (ANG)",2.098962,0.1685382
44.0862933486,-70.2827983551,3249,"NG Auburn Training Site",3.1868109,0.27550695
44.8095482939,-68.8333959892,3403,"NG Bangor Training Site",4.17443097,0.32135006
35.5697139671,-106.081041964,3659,"NG Santa Fe - Onate Complex TS",3.4606317,0.51806938
38.5475743328,-75.0633012841,3686,"NG TS BBTS",1.55724515,0.156022
47.1167164937,-122.56884003,4709,"NG Camp Murray",3.79694678,0.36012408
39.3531258872,-81.4421100584,4835,"NG Williamstown",2.63769526,0.16075273
30.3186106075,-97.7615720588,4879,"NG Camp Mabry",3.51353317,0.57523732
43.7618744147,-98.0438934226,4993,"NG Mitchell Complex",1.30289084,0.09472833
32.5624031522,-117.112009859,5360,"Imperial Beach NOLF",7.49933392,1.88222068
36.3191796478,-119.93398605,5431,"NAS Lemoore CA",29.43698735,28.68363602
32.7246963035,-117.218431918,5628,"Harbor Drive",1.60479076,0.10355526
38.4161872655,-90.3986079959,5981,"NGA Arnold Site",0.9408039,0.05376326
36.2692051709,-114.98483901,6075,"Nellis AFB",47.38528664,29.83938631
47.5555933853,-122.652356505,6166,"Naval Base Kitsap Bremerton WA",5.18728579,0.62789168
37.9070173886,-85.8831225305,52,"Fort Knox",85.35675698,170.00750726
37.7054875554,-92.1571252371,58,"Fort Leonard Wood",51.59341215,96.41521477
31.4040790084,-85.7473894209,68,"Fort Rucker AL",60.30741551,90.88878916
42.4973285111,-83.0413341243,610,"Detroit Arsenal",2.55583336,0.28746763
63.9667780882,-145.715113744,646,"Fort Greely",16.6596204,10.67476022
43.0813485814,-70.7333351232,1364,"NSY Portsmouth",7.00352791,0.5000837
41.7536642401,-70.539124869,1674,"Cape Cod Air Station",3.71654684,0.15131146
33.8931849532,-118.070170962,1800,"Norwalk 2",1.09520406,0.07821894
39.4481861918,-74.5814031458,2772,"Atlantic City IAP",3.86036065,0.46246532
38.3731944221,-81.5895194077,2903,"Yeager Airport",2.20015732,0.19296441
33.7222321357,-84.358887856,3027,"NG Atlanta - Confederate Ave",2.30970448,0.10686207
40.2146157734,-75.4284194801,3097,"NG Collegeville FMS 4",1.17466434,0.08080989
33.4645500341,-112.601760483,3276,"NG Buckeye TS",8.93831033,2.34453102
33.6173832012,-84.309923744,3366,"NG Oglethorpe Armory",1.11264814,0.05061777
39.6334303612,-75.6070696877,3685,"NG River Road Training Site",2.33556003,0.29793851
43.1442443568,-115.652542493,4039,"NG Edgemeade TS Mtn Home",2.18142403,0.23233542
35.2643197322,-97.480057288,4521,"NG Norman CSMS",1.28003708,0.0637749
43.0858827247,-72.4513120197,4607,"NG Westminster Training Site",1.39748781,0.07495596
34.9312156533,-85.0590610783,4783,"NG VTS Catoosa",9.74430427,2.54628306
36.0180985881,-86.5036120259,4784,"NG VTS Smyrna",7.24220938,1.33363901
37.0337681833,-113.547140891,4924,"NG Saint George/FMS 5B",1.45217811,0.10754967
32.8253936819,-115.668153219,5435,"NAF El Centro",11.84536412,4.18521119
30.3562317642,-81.8711131789,5498,"OLF Whitehouse",26.36286576,7.75551929
28.5841677574,-81.1967624389,5583,"Naval Support Activity Orlando",1.23958402,0.06458218
38.3398584637,-77.0325546791,5899,"NSA South Potomac",8.65673826,4.17467402
47.9545695614,-97.3916932722,6023,"Grand Forks AFB",17.0289211,8.25769962
38.0259039103,-122.16702561,6203,"Ozol Defense Fuel Support Point",2.4318231,0.08125435
40.0203299941,-77.7018175626,3,"Letterkenny Army Depot",26.41286105,28.0193493
37.4975893419,-103.918064485,44,"Pinon Canyon",102.49385552,367.9802549
31.2857344505,-86.12984115,76,"Skelly Stagefield AL",2.34611504,0.23301706
21.3619820362,-157.889639813,158,"Tripler Army Medical Center",3.46900298,0.55980472
35.0231361057,-77.2587195143,1116,"Oak Grove",6.5167107,1.48466017
36.9168246358,-76.161868495,1325,"JNTEXPBASE Little Creek FS VA",12.891425,3.29211424
36.8459831027,-76.3077533755,1348,"NAVMEDCEN Portsmouth VA",2.15587215,0.17186836
39.0019657147,-77.090338965,1415,"NAVSUPPACT Bethesda MD",2.43801872,0.37872829
34.9977382052,-106.481957879,1839,"Kirtland",53.75878941,78.48517719
38.3255053712,-121.923584762,2489,"Travis Annex  2",2.46116805,0.32424531
29.6910786143,-98.561663659,2950,"Camp Bullis Training Annex",35.11808797,43.72598199
46.8337009674,-92.1588343868,3054,"NG Duluth NG Armory",0.40576643,0.01075931
33.9136159677,-84.5290173714,3705,"NG General Lucius D Clay National Guard Center",2.15730372,0.16453405
39.3556342155,-82.9509547956,4189,"NG Camp Sherman Joint Training Center",4.50221057,0.71215141
44.9117374881,-122.99982156,4195,"NG McNary Field Salem AASF",2.26390817,0.1240287
38.893477547,-81.829845717,4513,"NG Jackson County AFRC",5.26408832,0.56327436
39.53266265,-76.1041166001,5211,"NG Havre De Grace Military Res",1.81023721,0.11864852
39.1711271565,-118.636032149,5489,"Target B-19",30.38021256,45.43320157
34.1629044874,-119.208411478,5680,"Port Hueneme",7.8691653,2.51523258
30.2190944719,-81.6862419066,5907,"NAS Jacksonville FL",13.57472445,5.21917596
28.0974161603,-98.7283712572,5916,"Dixie Target Range",18.01684274,12.22104075
28.4788213467,-80.5711268805,5968,"Cape Canaveral Air Force Station",53.79458258,25.58864129
38.3364781719,-76.4713794751,6000,"Solomons Island MD",4.87294032,0.43342503
34.3261504449,-92.0867021569,6154,"Pine Bluff Arsenal",25.39129729,20.19862344
36.5255506694,-82.6442165413,6171,"Holston AAP",34.72159265,9.60264689
47.2162520667,-119.310549756,94,"Grant Training Annex",2.56714919,0.0553791
41.3614873711,-74.0248942546,272,"West Point Military Reservation",37.18808259,24.77684534
39.0329014118,-76.9604679336,569,"US Army Adelphi Laboratory Center",3.52680484,0.32145105
39.0334336403,-77.0417682376,643,"Fort Detrick Glen Haven Annex",0.876507,0.0305621
64.5447194846,-147.708445641,876,"Fort Wainwright",211.70187097,1034.02242143
34.621693842,-77.4992450772,1126,"MCB Camp Lejeune (West Site)",137.46730185,106.61984892
21.4453917613,-157.751594777,1240,"MCB Hawaii (Kaneohe Bay)",13.49084082,4.76390576
36.7885299152,-75.9653974721,1292,"Dam Neck",13.56827918,2.97338015
36.6942700107,-76.1329722649,1335,"ALF Fentress Chesapke",13.32224036,4.04743655
38.9749001795,-77.192328114,1414,"NSWC Carderock",3.02871036,0.28440109
47.5661084246,-122.545637948,1512,"Manchester",3.09644878,0.49707358
33.858772816,-118.235754982,1794,"Los Angeles Air Force Annex No4",0.31869193,0.00634495
44.1579766168,-103.094346705,1819,"Ellsworth AFB",11.10121803,6.19323949
43.5568774906,-116.222478963,2778,"Boise Air Terminal",6.10816747,0.9191414
43.1027478687,-76.1033314086,2813,"Hancock Field",3.69960181,0.42186999
32.3048358496,-86.4015268137,2850,"Montgomery Regional Airport ANGB",1.88042428,0.09895828
33.4258330523,-112.011682902,2886,"Sky Harbor IAP",1.42847234,0.09408599
40.0037812107,-74.523842926,2918,"Dix",54.00688149,48.42194574
39.8478937488,-89.6677190978,2936,"Capital Airport",1.8553527,0.14707993
43.2971106582,-116.059842836,3170,"NG Orchard Mates Boise",4.51784953,0.33898085
44.0257924999,-121.128279438,3182,"NG Bend Cotef",1.92589058,0.24647883
35.885569159,-88.6648080701,3357,"NG VTS Milan",20.6102512,3.89062931
33.0987644874,-111.356808928,3769,"NG Florence Military Reservation",24.73403119,9.83201905
41.7941540406,-80.0478951,4342,"NG Cambridge Springs",2.19027247,0.16570191
43.928022567,-90.269506769,5073,"NG Camp Williams Tomah MTA",2.63637616,0.17787205
27.634308153,-97.3138397664,5464,"ALF Waldron",10.967386,1.32579425
24.5749669839,-81.69039869,5512,"NAS Key West FL",62.75683769,6.12365514
32.9177764497,-106.133624679,5978,"Holloman AFB",53.65912605,79.56915038
47.9773954717,-116.561529071,6009,"Bayview Idaho",1.48647503,0.04081989
38.8787064404,-77.0789885906,2,"Fort Myer",4.68079801,0.42035691
41.492587342,-74.0943357501,257,"Stewart Annex",0.54336624,0.01577849
41.4243572171,-88.1425840657,410,"Joliet USARC/JTA",11.83918838,5.58295189
31.9935650057,-81.6167723365,653,"Fort Stewart",103.55554568,436.71862465
30.3837530139,-87.4141104616,1461,"OLF Bronson",5.88567119,1.57085256
30.5417021232,-88.9718210942,1462,"Woolmarket (De Soto)",8.04069854,3.85768895
42.4583211521,-71.2772680295,1671,"Hanscom AFB",6.41800403,1.21215943
35.3943672204,-97.3971588174,1698,"Tinker Aerospace Complex",3.46725513,0.63548128
38.7602885783,-104.301342147,2498,"USAF Academy Auxiliary Airfield",6.72971098,0.30681337
32.8751277796,-79.9700778332,2553,"Joint Base Charleston North Yard",1.06825756,0.03300759
35.216336113,-80.9298620418,2783,"Charlotte/Douglas IAP",1.92858881,0.16333019
39.8233702226,-89.6708742707,3731,"NG Springfield (TS Cp Lincoln)",2.46815507,0.2562384
31.6129210957,-98.9077016689,4877,"NG Camp Bowie - Musgrave (Fed)",11.19145897,6.03023797
33.7990840775,-95.5602893853,4880,"NG Camp Maxey",22.80959661,10.32054302
40.427366421,-112.018173908,4917,"NG MTA-L Camp Williams",34.06452565,37.68674035
37.4941399873,-77.3126601203,4992,"NG AASF Byrd Field",1.63505101,0.14217784
21.2628048817,-157.804556826,5113,"NG Ft Ruger",4.54397973,0.49936256
32.6848793364,-117.119468049,5653,"Dryside",4.73740202,0.50683241
32.6720920869,-117.113270451,5663,"National City",0.73978875,0.02220507
36.5973431503,-121.873405389,5710,"NAVSUPPACT Monterey CA",1.886148,0.20787741
38.3019872977,-77.0421948817,5759,"Pumpkin Neck",9.10789486,2.5481702
33.9189436972,-118.381099896,6031,"Los Angeles AFB",1.26877697,0.09079747
40.2274955202,-76.9864595933,6066,"NAVSUPPACT Mechanicsburg PA",6.03099999,1.23362549
58.6913501355,-156.662974128,6215,"King Salmon Airport",3.60386773,0.57246344
39.3641697603,-94.9182512152,53,"Fort Leavenworth",15.80601106,8.91071797
31.3346732622,-92.5403418877,60,"England Authority",6.03853789,0.59628627
21.5302283589,-158.206472387,149,"Makua Mil Reserve",12.17198674,6.65575787
38.421819049,-77.0922516528,559,"Blossom Point Research Facility",6.95251054,2.47410056
32.7401689479,-117.197685657,1146,"MCRD San Diego",4.14799628,0.66565193
32.4982754369,-114.083222822,1155,"Barry Goldwater Range",162.28575468,1082.62380838
36.8036988938,-76.295425493,1286,"NNSY South Gate",1.50066793,0.14386155
42.2096141173,-87.8061179586,1526,"Fort Sheridan",10.64368854,0.22329262
42.3134486946,-87.837631497,1527,"Naval Station Great Lakes IL",4.31223234,0.82607028
27.4989619255,-97.8128477123,1552,"NAS Kingsville TX",20.88058479,6.22223808
32.1608016672,-110.848722373,2528,"Davis Monthan AFB",24.07198502,16.49827831
47.6186626303,-117.648384327,2550,"Fairchild AFB",14.39328688,6.61378044
33.6025364855,-81.0785389952,2558,"North Air Force Auxiliary Field",12.85026608,3.507752
34.6637724659,-99.2745536786,2568,"Altus AFB",14.6589949,6.39362365
34.1387961484,-119.111103634,2782,"Channel Islands ANG Station",2.69661038,0.32236853
32.131404054,-110.949250831,2894,"Tucson IAP",1.76995688,0.14661982
42.1693653615,-72.7179961808,2929,"Barnes Map (ANG)",1.96591611,0.17294544
29.3803737409,-98.5860052814,2953,"Kelly Field Annex",11.04816092,3.3418365
32.558920284,-93.3940534723,3243,"NG Camp Minden Training Site",23.49265426,23.44438486
31.6398553673,-98.9354829808,3679,"NG Camp Bowie (State)",14.55608093,7.94648759
34.2243340362,-84.113051593,3932,"NG Cumming",0.56614173,0.02044719
37.2776632835,-87.2010420465,5206,"NG WH Ford Regional Tng Ctr",56.82636697,17.56594333
39.8842893913,-118.362806519,5490,"Target B-20",31.23794144,64.2574269
24.5789198946,-81.7967315291,5517,"Fleming Key Magazine",4.6746964,0.46775883
24.5465408051,-81.8046496008,5526,"Truman Annex",2.29095564,0.15867621
38.8488448496,-76.9366921526,5592,"NMIC Suitland",1.02296522,0.06409388
32.6737007771,-116.443716929,5597,"Camp Michael Monsoor",17.73352767,5.29707288
40.6783887021,-112.073304281,5721,"NAVPMOSSP Magna Utah",4.89750324,0.82999865
21.3205176793,-158.057471732,5896,"Kalaeloa",21.17704217,1.37444143
47.6974412235,-122.621247466,6180,"Keyport NUWC",3.00972306,0.47731311
34.6822588176,-98.4834145201,91,"Fort Sill",72.88549435,146.44607284
32.3999496616,-84.8006217989,575,"Fort Benning GA",91.3953849,264.41170662
33.4337413314,-94.3556715243,635,"Red River Army Depot",21.66517594,23.31161452
30.4110996281,-86.4989034217,955,"Destin Moreno Point",0.60143192,0.01995549
30.4013274303,-81.5250231825,1096,"MCSF Blount Island (FL)",5.37139127,1.42281536
40.5814831188,-73.8816296342,1201,"Brooklyn NY",1.82389359,0.14775903
36.5590985515,-76.2674854841,1280,"Northwest Chesapeake VA",10.78732087,5.72972729
38.8240416139,-77.0233529625,1413,"Naval Research Lab",2.8926428,0.21170459
30.4001829676,-81.6274334623,1532,"FLC Fuel Depot Heckscher",3.36317933,0.25929821
32.7964731631,-88.8318661019,1564,"OLF Bravo",11.64139593,2.23160698
30.6317649852,-86.7409720552,1666,"Eglin Air Force Auxiliary Field 6",6.30215526,1.33629277
37.1322038995,-76.5886922923,1721,"Fort Eustis",27.5111714,12.28342762
40.4935734315,-80.2110502515,2507,"Pittsburgh IAP (ARS)",1.93084436,0.21399477
37.8202969363,-94.2914729598,3342,"NG MTA Camp Clark Nevada",5.73416917,1.96980447
45.0948962078,-93.161098097,3395,"NG Arden Hills Army Training Site",8.07315006,2.34352354
30.5619554651,-87.809337776,5556,"NOLF Silverhill",5.2584411,0.63128234
32.9001520087,-118.485233843,5603,"San Clemente IS NALF",56.74950756,56.38476691
33.7420222138,-118.233407436,5736,"Long Beach Fuel Complex",0.83959503,0.01730453
33.9748590703,-80.4704194269,6164,"Shaw AFB",16.52208168,5.2533509
31.4151605009,-85.4634025079,69,"Goldberg Stagefield AL",1.74920071,0.1611586
21.4754122511,-158.035536784,176,"Wheeler Army Airfield",8.3033019,2.15499542
35.8738381813,-88.7061284354,672,"Milan AAP",32.4607757,34.89137292
34.7104639208,-84.1658763605,1010,"Camp Frank D Merrill",142.24916988,538.79293712
39.5492530381,-78.8457345414,1422,"Allegany Ballistics Lab",9.06818726,2.37061099
47.7027134391,-117.577508532,2545,"White Bluff",1.79215737,0.12879417
32.64061507,-113.055868336,2601,"The Barry M Goldwater Air Force Range",227.56861509,1640.94082567
30.5230982285,-90.412182537,3528,"NG Hammond Airport",2.06225862,0.15859909
33.7944394521,-82.2777706272,3538,"NG MTA Clarks Hill Reservation",13.51804618,1.35364902
44.065667942,-122.977783398,3776,"NG Lane County AFRC FMS 5",0.98447716,0.03507817
44.3965120263,-70.9365409929,4216,"NG Bog Brook Training Site",5.18572211,0.32564175
33.7730532491,-118.301027333,5393,"San Pedro Fuel Depot",3.64191759,0.52573713
32.9489566811,-115.750656601,5457,"Target 101 Shade Tree",30.40928408,30.0504707
37.3063972082,-116.198549994,6125,"Nellis Air Force Range",489.09331858,4513.48391165
40.209029472,-120.129103152,108,"Sierra Army Depot",29.86914818,46.7340317
37.6989542636,-84.2174546163,570,"Blue Grass Army Depot",20.43117434,22.7775644
35.1362367404,-79.143965339,583,"Fort Bragg",119.03178563,242.02159856
60.1333143544,-149.433125482,877,"Seward Recreation Area",0.58001148,0.01811696
33.3588858097,-117.283210767,1143,"Fallbrook California",16.7435591,13.90140875
41.3995458505,-72.0861454073,1345,"NAVSUBASE New London CT",6.63136239,0.95716958
48.0532351447,-122.726218709,1497,"CNI NAVMAG Indian Island",14.00959272,4.6283563
27.6521821531,-81.3476629744,1770,"Arbuckle Airfield",9.01432689,2.75252299
35.7144803327,-75.8785604539,1789,"Dare County Range",38.0059666,72.85184075
34.2860722856,-103.77946735,2466,"Melrose Air Force Range",49.68520507,91.70461905
39.5001625435,-119.775127354,2861,"Reno Tahoe IAP",1.31415086,0.09400832
39.766575372,-94.9019988102,2866,"Rosecrans MAP (139AG)",1.70570787,0.139619
29.4600614664,-98.4165527202,2947,"Medical Center Annex",2.72631071,0.30593066
46.8295477141,-100.719944017,3111,"NG Bismarck RJB Complex",2.34698038,0.1309335
31.3977339391,-92.2972827063,3368,"NG Esler Field",9.28964789,3.3394484
32.2871055099,-86.3951588099,3509,"NG RW Shepherd Hope Hull",2.13542644,0.10807432
32.4058257333,-86.2593591085,3692,"NG SMD",1.24305785,0.10444374
42.5446993001,-71.0726606178,3938,"NG MTA Camp Curtis Guil",7.30536322,1.09810373
33.571050216,-86.7501493506,4041,"NG AASF02 Birmingham",0.75405387,0.03481815
43.2778096245,-71.1222205603,4099,"NG Training Site",2.31373291,0.16360676
32.276155346,-106.935192899,4402,"NG Las Cruces",2.17655116,0.14605195
40.8373288455,-96.7549863317,4569,"NG Lincoln AASF/Readiness Center",1.41407174,0.10204771
35.0265158472,-97.2305536823,4627,"NG Lexington AASF No 1",4.03129299,0.47358548
22.0626375204,-159.794099033,5365,"CNIC PMRF Barking Sands HI",23.93613131,13.83269188
21.3635799432,-157.960293901,5406,"Ford Island",4.07759376,0.69618895
30.4250122837,-86.8928585763,5553,"NOLF Holley",4.76609279,1.08474269
38.2810281573,-76.4210830732,5564,"Naval Air Station Patuxent River",33.53586982,9.70071567
38.5844840562,-77.1833880777,5758,"NSF Indian Head",15.98140022,3.17933201
40.2968248498,-112.342992649,6002,"Tooele Army Depot South",22.22066259,30.5748078
